tr_locus_id	chrom	start	end	gene	motif_primary	motifs_accepted	rule_group	inheritance	benign_max_repeats	pathogenic_min_repeats	motif_change_required	contraction_pathogenic	prioritize_in_sv_scan	sv_scan_default_applicable	notes
HTT_CAG	chr4	3049503	3100007	HTT	CAG		cag_coding	AD	34	35	0	0	1	1	
DMPK_CTG	chr19	46245845	46298624	DMPK	CTG		cag_coding	AD	34	35	0	0	1	1	DM1 CTG 3prime UTR
ATN1_CAG	chr6	16300123	16353011	ATN1	CAG		cag_coding	AD	34	35	0	0	1	1	SCA1
ATXN2_CAG	chr12	111550547	111624704	ATXN2	CAG		cag_coding	AD	34	35	0	0	1	1	SCA2
ATXN3_CAG	chr14	92029858	92098565	ATXN3	CAG		cag_coding	AD	34	35	0	0	1	1	SCA3
ATXN7_CAG	chr3	63858029	63934835	ATXN7	CAG		cag_coding	AD	34	35	0	0	1	1	SCA7
ATXN8OS_CTG	chr13	70089186	70164544	ATXN8OS	CTG		cag_coding	AD	34	35	0	0	1	1	SCA8
CACNA1A_CAG	chr19	13179220	13246435	CACNA1A	CAG		cag_coding	AD	19	20	0	0	1	1	SCA6 lower threshold
TCF4_CAG	chr18	57587843	57670490	TCF4	CAG		cag_coding	AD	34	35	0	0	1	1	FECD
THAP11_CAG	chr16	67788137	67864405	THAP11	CAG		cag_coding	AD	34	35	0	0	1	1	
JPH2_CAG	chr5	151761201	151840192	JPH2	CAG		cag_coding	AD	34	35	0	0	1	1	
ARX_polyA	chrX	25003677	25053859	ARX	GCN		polyalanine_cgn	XLR	16	17	0	0	0	0	not SV-amenable
FOXL2_polyA	chr3	138844004	138970818	FOXL2	GCN		polyalanine_cgn	AD	16	17	0	0	0	0	BPES
SOX3_polyA	chrX	139539378	139606410	SOX3	GCN		polyalanine_cgn	XLR	16	17	0	0	0	0	
PHOX2B_polyA	chr10	70938558	71007039	PHOX2B	GCN		polyalanine_cgn	AD	16	17	0	0	0	0	
HOXD13_polyA	chr2	176058877	176124271	HOXD13	GCN		polyalanine_cgn	AD	16	17	0	0	0	0	
ZIC2_polyA	chr13	99943753	100008623	ZIC2	GCN		polyalanine_cgn	AD	16	17	0	0	0	0	
RUNX2_polyA	chr6	45299064	45363846	RUNX2	GCN		polyalanine_cgn	AD	16	17	0	0	0	0	CCD
PABPN1_GCG	chr14	23294694	23348737	PABPN1	GCG		polyalanine_cgn	AD	16	17	0	0	0	0	TR_RULES PAPBN1
HOXA13_polyA	chr7	27164643	27220936	HOXA13	GCN		polyalanine_cgn	AD	16	17	0	0	0	0	
FMR1_CGG	chrX	147887037	147937270	FMR1	CGG		utr_cgg	XLD	44	200	0	0	1	1	FXS FXTAS
NUTM2B_AS1_CGG	chr10	8079416	8131236	NUTM2B-AS1	CGG		utr_cgg	AD	44	200	0	0	1	1	
LRP12_CGG	chr8	54145932	54221270	LRP12	CGG		utr_cgg	AD	44	200	0	0	1	1	OPDM
GIPC1_CGG	chr19	13918172	13972820	GIPC1	CGG		utr_cgg	AD	44	200	0	0	1	1	
NOTCH2NLC_CGG	chr1	149365672	149416058	NOTCH2NLC	CGG		utr_cgg	AD	44	200	0	0	1	1	
RILPL1_CGG	chr12	106908898	106976514	RILPL1	CGG		utr_cgg	AD	44	200	0	0	1	1	
ABCD3_CGG	chr1	94958504	95017013	ABCD3	CGG		utr_cgg	AD	44	200	0	0	1	1	
FXN_GAA	chr9	69012246	69062304	FXN	GAA		intronic_gaa	AR	34	65	0	0	1	1	FRDA
FGF14_GAA	chr13	102500410	102553527	FGF14	GAA		intronic_gaa	AD	34	250	0	0	1	1	SCAR27
CNBP_CAGG	chr3	129134314	129194933	CNBP	CAGG		tetranucleotide	AD	29	75	0	0	1	1	DM2
MIR7_2_AAAC	chr22	45982215	46057426	MIR7-2	AAAC		tetranucleotide	AD	4	3	0	1	1	1	pathogenic contraction
SAMD12_FAME	chr8	118855833	118931943	SAMD12	AAAAT	AAATC	pentanucleotide_fame	AD	99	100	1	0	1	1	
STARD7_FAME	chr2	96709943	96787881	STARD7	AAAAT	AAATC	pentanucleotide_fame	AD	99	100	1	0	1	1	
MARCHF8_FAME	chr1	244642754	244727865	MARCHF8	AAAAT	AAATC	pentanucleotide_fame	AD	99	650	1	0	1	1	
YEATS2_FAME	chr3	183466052	183548211	YEATS2	AAAAT	AAATC	pentanucleotide_fame	AD	99	650	1	0	1	1	
ATXN10_ATTCT	chr22	45754722	45834746	ATXN10	ATTCT		pentanucleotide_sca	AD	31	800	0	0	1	1	SCA10
BEAN1_AAAAT	chr16	66496950	66552036	BEAN1	AAAAT	AATAG,AATGG	pentanucleotide_sca	AD	109	110	1	0	1	1	SCA31
DAB1_AAAAT	chr1	57426110	57480616	DAB1	AAAAT	AAATG	pentanucleotide_sca	AD	29	30	1	0	1	1	SCA37
RFC1_AAAAG	chr4	39321604	39375205	RFC1	AAAAG	AAAGG,ACAGG,AGGGC,AAGGC,AGAGG	pentanucleotide_rfc1	AR	399	400	1	0	1	1	CANVAS
C9ORF72_GGGGCC	chr9	27548486	27598546	C9ORF72	GGGGCC		hexanucleotide	AD	22	250	0	0	1	1	ALS/FTD
VWA1_10mer	chr1	45617233	45673306	VWA1	10bp_VNTR		vntr	AR			0	0	0	0	TR_RULES low TRF priority
CSTB_12mer	chr21	45166324	45226396	CSTB	12bp_VNTR		vntr	AR	3	30	0	0	0	0	EPM1
EIF4A3_20mer	chr4	79463671	79523753	EIF4A3	20bp_VNTR		vntr	AR	12	14	0	0	0	0	
PRNP_24mer	chr20	4671540	4727559	PRNP	24bp_VNTR		vntr	AD	4	5	1	0	0	0	motif change common
MUC1_61mer	chr1	155163407	155226551	MUC1	60bp_VNTR	61bp_frameshift	vntr	AD			1	0	0	0	61-mer frameshift
PLIN4_99mer	chr19	45081919	45142078	PLIN4	99bp_VNTR		vntr	AD	31	37	0	0	0	0	benign 29-31 path 37+
